dataset,winner,method,param1,param2,recall,qps
GIST,1st,HNSWSQ,SQ8,efSearch=256,0.9388,3322.8801273757617
GIST,2nd,IVFPQ,m=32,nprobe=64,0.2778,7186.499470476658
GIST,3rd,LSH,nbits=512,-,0.0722,1243.841425529699
GloVe,1st,HNSWSQ,SQ8,efSearch=256,0.9226,6994.50161542624
GloVe,2nd,IVFPQ,m=25,nprobe=64,0.5615,21613.287063386902
GloVe,3rd,LSH,nbits=512,-,0.4296,1066.1703975962016
SIFT,1st,HNSWSQ,SQ8,efSearch=256,0.9857,14707.681881082111
SIFT,2nd,IVFPQ,m=32,nprobe=64,0.7276,13782.406212795342
SIFT,3rd,LSH,nbits=512,-,0.379,1233.6330814768996
